id,first_name,last_name,email,gender,ip_address
1,Carolyne,Maseres,cmaseres0@netvibes.com,Female,8.166.56.232
2,Pace,Emmert,pemmert1@yolasite.com,Male,167.128.97.44
3,Berne,Guerner,bguerner2@gravatar.com,Male,60.249.176.237
4,Brendis,Peerless,bpeerless3@blogtalkradio.com,Male,81.34.53.68
5,Carleton,Lydiate,clydiate4@ustream.tv,Male,225.140.44.45
6,Ivor,Radcliffe,iradcliffe5@studiopress.com,Male,201.73.46.111
7,Nonnah,Di Francesco,ndifrancesco6@slideshare.net,Female,249.96.12.251
8,Daffi,Assur,dassur7@globo.com,Female,63.11.191.67
9,Giffard,Trever,gtrever8@reuters.com,Male,63.185.89.36
10,Patsy,Yegorchenkov,pyegorchenkov9@blogtalkradio.com,Female,156.4.60.2
11,Linzy,Folger,lfolgera@free.fr,Female,118.40.227.132
12,Letti,Dalgarnowch,ldalgarnowchb@auda.org.au,Female,56.154.107.104
13,Clemente,Mulvin,cmulvinc@mayoclinic.com,Male,132.59.74.168
14,Konstanze,Shorey,kshoreyd@google.de,Female,195.12.122.57
15,Isac,Fellis,ifellise@posterous.com,Male,17.151.225.210
16,Giacinta,Dart,gdartf@msu.edu,Female,112.236.54.142
17,Drucill,Gasparro,dgasparrog@people.com.cn,Female,84.20.232.62
18,Olwen,Keijser,okeijserh@google.es,Female,76.241.36.251
19,Ronalda,Crickmore,rcrickmorei@google.com,Female,227.140.86.115
20,Thedric,Ewbach,tewbachj@springer.com,Male,125.45.245.228
21,Adrienne,Gelletly,agelletlyk@acquirethisname.com,Female,57.166.88.251
22,Carmine,Camilleri,ccamilleril@washingtonpost.com,Female,211.136.84.134
23,Ella,Ebdin,eebdinm@sciencedaily.com,Female,24.88.0.2
24,Velvet,Woolmore,vwoolmoren@tmall.com,Female,131.50.114.19
25,Taffy,MacKowle,tmackowleo@quantcast.com,Female,9.35.180.21
26,Tate,Rutherforth,trutherforthp@nih.gov,Male,253.58.180.151
27,Willy,Labes,wlabesq@netlog.com,Male,52.122.148.44
28,Dorolice,Iwaszkiewicz,diwaszkiewiczr@flavors.me,Female,97.93.165.160
29,Maria,Cronk,mcronks@sogou.com,Female,146.77.190.185
30,Masha,Cheek,mcheekt@globo.com,Female,30.220.160.241
31,Fianna,Howsam,fhowsamu@phpbb.com,Female,128.180.227.47
32,Howie,Arnopp,harnoppv@cpanel.net,Male,23.6.105.185
33,Ilario,Hessay,ihessayw@cam.ac.uk,Male,179.188.102.151
34,Nil,Sinnat,nsinnatx@icq.com,Male,212.61.112.37
35,Ofelia,Cressor,ocressory@xinhuanet.com,Female,141.131.147.30
36,Buffy,Duguid,bduguidz@1688.com,Female,252.116.171.92
37,Filippa,Muddicliffe,fmuddicliffe10@harvard.edu,Female,178.215.188.227
38,Constantine,Crose,ccrose11@npr.org,Male,232.75.131.189
39,Horton,O'Kennavain,hokennavain12@tiny.cc,Male,230.49.157.233
40,Perle,Kairns,pkairns13@huffingtonpost.com,Female,69.232.151.34
41,Rhett,Bramwich,rbramwich14@naver.com,Male,154.21.150.160
42,Jerad,Yegoshin,jyegoshin15@eepurl.com,Male,133.61.7.239
43,Weider,Moynham,wmoynham16@elpais.com,Male,103.30.240.125
44,Theodora,Guslon,tguslon17@gnu.org,Female,242.79.13.64
45,Sebastian,Shrigley,sshrigley18@apache.org,Male,210.58.152.78
46,Conn,Ruseworth,cruseworth19@joomla.org,Male,68.104.66.211
47,Una,Jeremaes,ujeremaes1a@miitbeian.gov.cn,Female,186.24.104.55
48,Derick,Werrit,dwerrit1b@virginia.edu,Male,230.180.227.239
49,Connor,Rennock,crennock1c@biglobe.ne.jp,Male,96.165.201.181
50,Shellie,Marton,smarton1d@geocities.com,Female,163.155.243.167
51,Sybilla,Dearing,sdearing1e@mysql.com,Female,9.111.253.84
52,Rurik,Stears,rstears1f@hud.gov,Male,248.93.143.101
53,Shelley,Cavy,scavy1g@simplemachines.org,Male,179.234.235.227
54,Jade,Gormally,jgormally1h@independent.co.uk,Female,171.214.242.254
55,Arlen,Gallymore,agallymore1i@google.com,Male,126.183.13.1
56,Cosetta,Harrild,charrild1j@jigsy.com,Female,196.121.124.146
57,Marijn,Ferri,mferri1k@devhub.com,Male,156.179.3.203
58,Garvey,Elliott,gelliott1l@free.fr,Male,210.177.171.101
59,Bing,Heinert,bheinert1m@pinterest.com,Male,154.52.237.147
60,Homerus,Cosgrave,hcosgrave1n@sogou.com,Male,169.26.229.162
61,Maurise,Probin,mprobin1o@cargocollective.com,Female,43.36.254.209
62,Dimitry,Weir,dweir1p@w3.org,Male,192.106.43.119
63,Mariana,Ramshaw,mramshaw1q@webmd.com,Female,168.52.169.32
64,Jeremiah,Tirone,jtirone1r@independent.co.uk,Male,11.83.98.185
65,Michell,Grotty,mgrotty1s@ibm.com,Female,30.31.87.102
66,Vittoria,Jiggle,vjiggle1t@geocities.com,Female,140.50.59.29
67,Drona,Goult,dgoult1u@shop-pro.jp,Female,181.228.208.4
68,Haskel,Gayton,hgayton1v@nasa.gov,Male,66.223.223.165
69,Valentino,Eyrl,veyrl1w@xinhuanet.com,Male,76.165.203.15
70,Morgen,Honisch,mhonisch1x@ted.com,Female,233.239.55.140
71,Benedetto,Grealey,bgrealey1y@slideshare.net,Male,17.73.42.101
72,Briana,Ricca,bricca1z@wordpress.org,Female,107.69.32.132
73,Britta,Joly,bjoly20@theguardian.com,Female,92.233.90.227
74,Jessalyn,Eames,jeames21@usda.gov,Female,214.240.195.154
75,Quinlan,Poller,qpoller22@time.com,Male,17.192.190.163
76,Moreen,Biermatowicz,mbiermatowicz23@vimeo.com,Female,90.60.218.15
77,Hakim,Lloyd-Williams,hlloydwilliams24@lycos.com,Male,244.103.71.244
78,Tasha,Hodinton,thodinton25@home.pl,Female,132.231.27.117
79,Milly,Duffit,mduffit26@ucoz.ru,Female,12.219.134.96
80,Tori,Bartlomiej,tbartlomiej27@feedburner.com,Female,169.132.207.86
81,Doug,Crowcum,dcrowcum28@amazon.co.uk,Male,189.228.96.108
82,Rickie,Golden of Ireland,rgoldenofireland29@hc360.com,Male,162.239.155.221
83,Philly,Mileham,pmileham2a@unesco.org,Female,167.87.213.3
84,Aidan,Fink,afink2b@cloudflare.com,Female,37.33.31.104
85,Neils,Baribal,nbaribal2c@time.com,Male,141.120.176.240
86,Garek,Mellody,gmellody2d@weebly.com,Male,163.106.201.229
87,Julee,Yeatman,jyeatman2e@bigcartel.com,Female,132.137.130.54
88,Ann-marie,Espinel,aespinel2f@aol.com,Female,108.169.0.92
89,Marline,Denley,mdenley2g@cdc.gov,Female,138.40.104.12
90,Barney,Letcher,bletcher2h@people.com.cn,Male,197.79.182.166
91,Hercule,Huebner,hhuebner2i@sciencedaily.com,Male,225.105.131.72
92,Gram,Brownill,gbrownill2j@bloglovin.com,Male,147.93.47.252
93,Thor,Gentile,tgentile2k@360.cn,Male,231.237.93.88
94,Raquel,Gaenor,rgaenor2l@archive.org,Female,118.182.170.126
95,Alfie,Maxworthy,amaxworthy2m@icio.us,Female,8.222.192.183
96,Bengt,Greenstead,bgreenstead2n@ox.ac.uk,Male,86.204.70.66
97,Hugo,Simnel,hsimnel2o@telegraph.co.uk,Male,198.112.102.67
98,Alexander,Firebrace,afirebrace2p@dmoz.org,Male,20.136.37.200
99,Anett,Malenoir,amalenoir2q@feedburner.com,Female,186.192.34.5
100,Dunc,Kanter,dkanter2r@unesco.org,Male,87.116.246.5
101,Luigi,Klarzynski,lklarzynski2s@usnews.com,Male,68.127.188.152
102,Nap,Domokos,ndomokos2t@usda.gov,Male,122.152.105.60
103,Darlleen,Stovine,dstovine2u@bloomberg.com,Female,121.152.161.34
104,Blanch,Cristea,bcristea2v@google.ca,Female,239.18.116.135
105,Siana,Inker,sinker2w@weibo.com,Female,179.110.61.164
106,Fons,Pardey,fpardey2x@dailymotion.com,Male,140.101.182.100
107,Martie,Behneke,mbehneke2y@angelfire.com,Female,220.245.164.58
108,Kizzee,Netherwood,knetherwood2z@illinois.edu,Female,168.46.22.163
109,Kenneth,Dioniso,kdioniso30@utexas.edu,Male,72.177.82.207
110,Demetris,Seldner,dseldner31@dyndns.org,Male,242.46.38.25
111,Ariana,MacLleese,amaclleese32@cdbaby.com,Female,249.87.70.4
112,Shari,Toulson,stoulson33@reddit.com,Female,217.102.7.199
113,Trace,Stebbings,tstebbings34@woothemes.com,Male,218.82.201.68
114,Karole,Escoffier,kescoffier35@sakura.ne.jp,Female,211.16.49.49
115,Patricia,Bulluck,pbulluck36@xing.com,Female,47.43.245.209
116,Kerri,Somerlie,ksomerlie37@jiathis.com,Female,22.240.119.221
117,Stace,Duckerin,sduckerin38@ask.com,Female,207.253.78.202
118,Hobart,Fattorini,hfattorini39@fema.gov,Male,123.67.22.31
119,Junette,Fader,jfader3a@merriam-webster.com,Female,60.235.39.100
120,Bernita,Abbatucci,babbatucci3b@alexa.com,Female,52.187.230.143
121,Bree,Bartel,bbartel3c@skyrock.com,Female,91.224.216.85
122,Irma,Kilbourne,ikilbourne3d@cmu.edu,Female,185.96.37.14
123,Liza,Paylor,lpaylor3e@unc.edu,Female,75.142.238.69
124,Barnard,Karp,bkarp3f@tumblr.com,Male,251.34.214.14
125,James,Scandrick,jscandrick3g@ucla.edu,Male,124.54.148.82
126,Euell,Davidow,edavidow3h@de.vu,Male,212.165.164.229
127,Eugenius,Torre,etorre3i@arizona.edu,Male,182.152.133.122
128,Gabriell,Diehn,gdiehn3j@netscape.com,Female,127.183.175.175
129,Crystal,Noteyoung,cnoteyoung3k@t.co,Female,248.46.48.117
130,Spike,Tesimon,stesimon3l@guardian.co.uk,Male,49.171.29.113
131,Trey,Edeson,tedeson3m@oracle.com,Male,134.16.112.149
132,Edmund,Crumby,ecrumby3n@eventbrite.com,Male,108.239.58.18
133,Anitra,Brusin,abrusin3o@google.ca,Female,247.195.2.54
134,Carree,Demsey,cdemsey3p@domainmarket.com,Female,113.48.148.151
135,Harlin,Gosswell,hgosswell3q@icq.com,Male,92.227.250.161
136,Obadias,Cadwell,ocadwell3r@com.com,Male,116.152.6.56
137,Chrisy,Kilbane,ckilbane3s@npr.org,Male,22.12.199.117
138,Brockie,Domeny,bdomeny3t@ucsd.edu,Male,49.130.100.108
139,Chad,Cole,ccole3u@phoca.cz,Female,67.172.224.65
140,Gabriela,Harbord,gharbord3v@bbc.co.uk,Female,42.141.154.233
141,Cathrin,Batterton,cbatterton3w@bravesites.com,Female,124.184.236.0
142,Franzen,Dacre,fdacre3x@nature.com,Male,182.79.241.20
143,Seamus,Rosenthaler,srosenthaler3y@mit.edu,Male,30.157.159.107
144,Hadrian,Cowderay,hcowderay3z@bbb.org,Male,137.90.2.135
145,Doll,Tointon,dtointon40@fda.gov,Female,3.173.106.174
146,Berti,Snugg,bsnugg41@fc2.com,Male,152.210.46.155
147,Judah,Comizzoli,jcomizzoli42@scientificamerican.com,Male,43.185.103.31
148,Alicea,Caesmans,acaesmans43@un.org,Female,147.58.232.66
149,Oriana,Whodcoat,owhodcoat44@xing.com,Female,239.168.182.205
150,Scarface,Weaben,sweaben45@newyorker.com,Male,178.110.97.36
151,Agna,Bremmell,abremmell46@yolasite.com,Female,204.75.2.243
152,Howard,Larive,hlarive47@joomla.org,Male,193.106.101.131
153,Cash,Coathup,ccoathup48@globo.com,Male,226.128.113.36
154,Jarid,Castanone,jcastanone49@blogspot.com,Male,11.160.27.166
155,Alida,Orcott,aorcott4a@cafepress.com,Female,204.199.183.46
156,Washington,Gooders,wgooders4b@parallels.com,Male,202.88.189.111
157,Carri,Ozintsev,cozintsev4c@rediff.com,Female,43.77.203.211
158,Mendel,Huckabe,mhuckabe4d@huffingtonpost.com,Male,152.103.97.198
159,Goober,Tracey,gtracey4e@mozilla.org,Male,127.213.170.103
160,Erma,Hallin,ehallin4f@sun.com,Female,174.19.2.31
161,Adelaida,Gascoyne,agascoyne4g@webs.com,Female,167.185.224.143
162,Andreana,Ginie,aginie4h@github.io,Female,71.109.145.29
163,Ertha,Cathrall,ecathrall4i@time.com,Female,94.243.158.5
164,Emlynne,Scoyles,escoyles4j@bbc.co.uk,Female,8.58.150.140
165,Lorelle,Glidder,lglidder4k@cdbaby.com,Female,224.142.56.207
166,Tanner,Woodfield,twoodfield4l@springer.com,Male,69.29.62.187
167,Andriette,Fruen,afruen4m@dot.gov,Female,139.63.254.233
168,Hansiain,Beavington,hbeavington4n@netvibes.com,Male,191.162.78.152
169,Meriel,Grimmert,mgrimmert4o@miibeian.gov.cn,Female,249.234.38.81
170,Jessica,Athersmith,jathersmith4p@ox.ac.uk,Female,104.83.120.194
171,Jo,Shaughnessy,jshaughnessy4q@deviantart.com,Male,91.168.253.244
172,Winfield,Dallman,wdallman4r@oracle.com,Male,88.251.72.226
173,Jorge,Golborne,jgolborne4s@wufoo.com,Male,172.66.81.12
174,Allegra,Gammett,agammett4t@instagram.com,Female,122.60.146.220
175,Shelley,Pirkis,spirkis4u@cam.ac.uk,Female,184.201.203.242
176,Ursula,Normanvell,unormanvell4v@feedburner.com,Female,211.73.174.229
177,Artie,Ansett,aansett4w@webnode.com,Male,111.164.168.138
178,Helaine,Tarr,htarr4x@arstechnica.com,Female,52.30.63.192
179,Eveleen,Trotton,etrotton4y@businessweek.com,Female,115.81.114.167
180,Del,Paullin,dpaullin4z@chicagotribune.com,Female,206.74.150.248
181,Ivette,Finlow,ifinlow50@edublogs.org,Female,101.251.208.212
182,Baillie,Rack,brack51@wp.com,Male,200.122.106.1
183,Preston,Woehler,pwoehler52@who.int,Male,146.113.102.175
184,Myrah,Fitzer,mfitzer53@usatoday.com,Female,135.164.124.32
185,Currey,Willcock,cwillcock54@photobucket.com,Male,42.34.61.195
186,Noelyn,Okenden,nokenden55@harvard.edu,Female,111.223.197.162
187,Shay,Matignon,smatignon56@weebly.com,Female,226.19.123.76
188,Jaimie,Kmietsch,jkmietsch57@columbia.edu,Male,247.185.159.146
189,Pattin,Wadlow,pwadlow58@ucoz.ru,Male,71.79.135.118
190,Audra,Ferreiro,aferreiro59@ovh.net,Female,106.2.203.219
191,Putnem,Richardet,prichardet5a@vk.com,Male,150.165.36.152
192,Binny,Epton,bepton5b@elpais.com,Female,85.6.143.242
193,Beale,Lowdeane,blowdeane5c@dmoz.org,Male,99.38.148.58
194,Mauricio,Westberg,mwestberg5d@sphinn.com,Male,251.206.12.62
195,Kip,Iacovazzi,kiacovazzi5e@mayoclinic.com,Female,130.161.80.62
196,Irwin,Sunner,isunner5f@bloomberg.com,Male,233.104.250.130
197,Luke,Pottell,lpottell5g@google.nl,Male,205.42.0.165
198,Norbie,Goodlip,ngoodlip5h@mac.com,Male,44.136.90.157
199,Pietra,Stockhill,pstockhill5i@cmu.edu,Female,26.244.163.143
200,Daveen,Dunnico,ddunnico5j@foxnews.com,Female,137.148.11.213
201,Kailey,Seman,kseman5k@engadget.com,Female,171.210.135.162
202,Chelsey,Biggar,cbiggar5l@cloudflare.com,Female,131.139.32.242
203,Regine,Butterworth,rbutterworth5m@google.com.br,Female,241.38.94.217
204,Marketa,Linklet,mlinklet5n@tinypic.com,Female,150.59.229.165
205,Natty,Croote,ncroote5o@squidoo.com,Male,219.222.87.5
206,Horace,Butterfint,hbutterfint5p@addthis.com,Male,34.152.159.237
207,Leone,Bearman,lbearman5q@ocn.ne.jp,Female,164.175.220.254
208,Federico,Ledrane,fledrane5r@ox.ac.uk,Male,243.122.18.87
209,Baxie,Duckerin,bduckerin5s@webeden.co.uk,Male,202.158.67.173
210,Gustav,Spary,gspary5t@51.la,Male,164.127.68.85
211,Terrye,Fry,tfry5u@guardian.co.uk,Female,28.11.211.182
212,Lindy,Leary,lleary5v@behance.net,Male,22.169.138.111
213,Janeen,Clelle,jclelle5w@unicef.org,Female,143.218.236.167
214,Benedicto,Ginnally,bginnally5x@patch.com,Male,32.1.141.55
215,Gun,Full,gfull5y@feedburner.com,Male,21.255.88.212
216,Joellen,Enticknap,jenticknap5z@cnet.com,Female,175.152.86.246
217,Dewain,Durrans,ddurrans60@dailymail.co.uk,Male,34.91.228.107
218,Rees,Morrissey,rmorrissey61@4shared.com,Male,117.54.42.34
219,Kincaid,Libbie,klibbie62@illinois.edu,Male,160.175.65.75
220,Trina,Donn,tdonn63@bloglovin.com,Female,77.91.84.220
221,Grace,Pillman,gpillman64@networkadvertising.org,Male,183.65.225.165
222,Lincoln,Le Moucheux,llemoucheux65@freewebs.com,Male,72.73.186.33
223,Lurlene,Boadby,lboadby66@ovh.net,Female,105.37.235.152
224,Ferne,Monument,fmonument67@hud.gov,Female,6.84.69.231
225,Matti,Biagioni,mbiagioni68@home.pl,Female,143.126.238.146
226,Tonya,Petts,tpetts69@constantcontact.com,Female,208.247.64.26
227,Karrah,Leeburne,kleeburne6a@imgur.com,Female,52.245.194.150
228,Winni,MacKenney,wmackenney6b@istockphoto.com,Female,105.198.62.13
229,Jerrilee,Gribbell,jgribbell6c@posterous.com,Female,229.162.144.127
230,Randi,Billingsly,rbillingsly6d@boston.com,Male,119.45.131.221
231,Thorvald,Bocken,tbocken6e@java.com,Male,85.195.60.15
232,Paulette,Pinnington,ppinnington6f@unicef.org,Female,34.225.166.76
233,Hubert,Debrett,hdebrett6g@squidoo.com,Male,240.157.111.132
234,Susie,Earley,searley6h@fda.gov,Female,35.203.9.63
235,Kevin,Maddams,kmaddams6i@google.es,Male,166.238.113.188
236,Nydia,Ivel,nivel6j@stanford.edu,Female,87.216.112.2
237,Lyssa,Lowrey,llowrey6k@cam.ac.uk,Female,107.8.205.9
238,Nathalie,Rook,nrook6l@unc.edu,Female,231.244.95.116
239,Brandi,Stoffler,bstoffler6m@joomla.org,Female,21.209.120.61
240,Meara,Brooke,mbrooke6n@slideshare.net,Female,187.174.104.193
241,Leann,Souter,lsouter6o@lycos.com,Female,192.77.175.233
242,Petr,McKellen,pmckellen6p@cargocollective.com,Male,48.55.85.56
243,Mario,Boughton,mboughton6q@techcrunch.com,Male,218.213.0.139
244,Martina,Brimilcombe,mbrimilcombe6r@youku.com,Female,150.188.203.169
245,Doreen,Galloway,dgalloway6s@wix.com,Female,68.29.164.8
246,Carleton,Birkin,cbirkin6t@oracle.com,Male,52.98.127.144
247,Clifford,Hartland,chartland6u@columbia.edu,Male,7.123.9.112
248,Chic,Geindre,cgeindre6v@google.fr,Male,116.172.120.244
249,Sydel,Pendrill,spendrill6w@weather.com,Female,44.78.170.215
250,Morry,Campey,mcampey6x@sun.com,Male,45.165.190.182
251,Tatum,Syson,tsyson6y@nature.com,Female,246.48.13.2
252,Ann-marie,Offield,aoffield6z@yolasite.com,Female,191.176.189.144
253,Richmound,Cawdery,rcawdery70@google.com.hk,Male,149.179.148.82
254,Leticia,Ferrandez,lferrandez71@time.com,Female,219.66.82.6
255,Alan,Ferran,aferran72@dmoz.org,Male,4.238.57.23
256,Brina,Tordoff,btordoff73@symantec.com,Female,88.123.50.75
257,Walther,Tasker,wtasker74@addtoany.com,Male,66.244.10.155
258,Carin,Glascott,cglascott75@mozilla.com,Female,12.161.192.247
259,Alexandr,Sawer,asawer76@aboutads.info,Male,16.55.237.146
260,Erinn,Damiata,edamiata77@stanford.edu,Female,93.146.57.248
261,Cesare,Radoux,cradoux78@chicagotribune.com,Male,17.163.214.86
262,Blakelee,Han,bhan79@microsoft.com,Female,94.141.15.99
263,Ty,Petford,tpetford7a@cdc.gov,Male,204.42.8.249
264,Ned,Poolton,npoolton7b@admin.ch,Male,47.0.55.100
265,Bryce,Toor,btoor7c@opera.com,Male,32.46.6.11
266,Marlo,Haydney,mhaydney7d@msu.edu,Male,129.177.175.249
267,Korrie,O'Dooghaine,kodooghaine7e@1und1.de,Female,88.144.41.229
268,Omero,Bascombe,obascombe7f@pen.io,Male,53.246.113.176
269,Arne,McMullen,amcmullen7g@unicef.org,Male,4.87.185.157
270,Ezri,Eccleston,eeccleston7h@geocities.jp,Male,24.252.219.57
271,My,Verbeek,mverbeek7i@free.fr,Male,254.186.56.218
272,Friedrick,Aingel,faingel7j@cnn.com,Male,146.139.98.65
273,Cyril,Stuckes,cstuckes7k@privacy.gov.au,Male,99.15.71.171
274,Rozanna,Belasco,rbelasco7l@seattletimes.com,Female,129.209.236.211
275,Martynne,Hogbin,mhogbin7m@columbia.edu,Female,162.208.107.219
276,Lenee,Ottley,lottley7n@pagesperso-orange.fr,Female,238.42.31.174
277,Julieta,Poll,jpoll7o@ucsd.edu,Female,158.7.198.65
278,Vina,Greville,vgreville7p@addtoany.com,Female,66.44.9.61
279,Tod,Fucher,tfucher7q@live.com,Male,64.60.115.182
280,Crichton,Glason,cglason7r@domainmarket.com,Male,224.208.92.82
281,Ollie,Semon,osemon7s@topsy.com,Male,222.39.243.222
282,Andra,Moorfield,amoorfield7t@ebay.co.uk,Female,91.43.84.237
283,Farrand,Sedgmond,fsedgmond7u@tripadvisor.com,Female,19.76.223.163
284,Pammie,Badland,pbadland7v@cbc.ca,Female,59.96.175.237
285,Freddie,Lindenboim,flindenboim7w@mapy.cz,Male,209.74.97.15
286,Noelyn,Mattersey,nmattersey7x@ihg.com,Female,15.251.190.82
287,Maryann,Deabill,mdeabill7y@admin.ch,Female,51.2.8.208
288,Sorcha,Cardenas,scardenas7z@businesswire.com,Female,171.148.139.253
289,Asa,Tournay,atournay80@istockphoto.com,Male,141.44.87.199
290,Trudy,Penrose,tpenrose81@dagondesign.com,Female,168.184.57.117
291,Rubie,Calken,rcalken82@wordpress.com,Female,100.198.76.81
292,Saunderson,Schafer,sschafer83@soundcloud.com,Male,193.171.47.153
293,Cordey,Ragless,cragless84@instagram.com,Female,6.122.229.157
294,Carling,Aspy,caspy85@unesco.org,Male,148.201.119.207
295,Urbanus,Castri,ucastri86@mysql.com,Male,81.1.3.33
296,Leelah,Simanek,lsimanek87@wired.com,Female,47.89.85.179
297,Anatole,Pinckney,apinckney88@constantcontact.com,Male,66.251.140.169
298,Rozele,Arrol,rarrol89@vimeo.com,Female,49.244.9.148
299,Dyann,Rodda,drodda8a@tripod.com,Female,163.112.219.140
300,Nelson,Scutter,nscutter8b@weather.com,Male,58.139.199.217
301,Aubrie,Whenman,awhenman8c@histats.com,Female,99.162.254.134
302,Arden,Allitt,aallitt8d@ow.ly,Female,194.251.219.221
303,Ferne,Abrahamson,fabrahamson8e@usatoday.com,Female,140.33.241.252
304,Ezra,Borne,eborne8f@go.com,Male,132.26.171.27
305,Madelina,Silly,msilly8g@jimdo.com,Female,204.84.199.252
306,Murray,Benford,mbenford8h@salon.com,Male,183.5.239.108
307,Benton,Bramo,bbramo8i@icq.com,Male,131.108.133.211
308,Claybourne,Antoshin,cantoshin8j@histats.com,Male,39.69.31.162
309,Darcey,Tarply,dtarply8k@senate.gov,Female,1.96.146.153
310,Laurice,Hillitt,lhillitt8l@hud.gov,Female,131.13.80.250
311,Lyon,Pietasch,lpietasch8m@engadget.com,Male,41.116.65.140
312,Suzanna,Korbmaker,skorbmaker8n@chronoengine.com,Female,188.82.230.125
313,Oliver,Barnicott,obarnicott8o@whitehouse.gov,Male,25.247.226.178
314,Tommi,Gouldie,tgouldie8p@google.nl,Female,58.85.33.88
315,Annice,Rossey,arossey8q@constantcontact.com,Female,232.167.24.136
316,Stephanie,Goodswen,sgoodswen8r@oakley.com,Female,127.197.62.84
317,Forster,Ruddiman,fruddiman8s@shop-pro.jp,Male,191.19.82.43
318,Lisbeth,Belson,lbelson8t@tamu.edu,Female,34.131.199.29
319,Annalee,O'Reilly,aoreilly8u@goo.gl,Female,163.79.87.138
320,Alexandr,Yurshev,ayurshev8v@who.int,Male,138.210.205.83
321,Sherwynd,Flear,sflear8w@shinystat.com,Male,39.207.217.171
322,Camila,Blacksell,cblacksell8x@bluehost.com,Female,229.1.105.57
323,Lindsey,Tapping,ltapping8y@noaa.gov,Male,247.52.237.199
324,Debby,Muscott,dmuscott8z@cnbc.com,Female,122.40.184.10
325,Devora,Caine,dcaine90@cdc.gov,Female,196.90.79.12
326,Mikkel,Stanes,mstanes91@alexa.com,Male,188.123.228.45
327,Chris,Frowen,cfrowen92@fda.gov,Female,157.14.88.5
328,Pattie,Trathan,ptrathan93@nyu.edu,Male,38.225.123.114
329,Yancey,Myton,ymyton94@google.com.hk,Male,82.199.207.13
330,Orren,Hanaby,ohanaby95@baidu.com,Male,123.1.2.230
331,Buddie,Cabera,bcabera96@huffingtonpost.com,Male,86.241.59.48
332,Orlando,Barr,obarr97@sbwire.com,Male,94.87.149.95
333,Demott,Littrell,dlittrell98@google.cn,Male,201.65.194.153
334,Velvet,Pauel,vpauel99@hud.gov,Female,223.94.80.106
335,Cristen,Yarr,cyarr9a@squidoo.com,Female,195.108.140.200
336,Annabel,Briance,abriance9b@disqus.com,Female,173.209.173.185
337,Waldon,Ferrier,wferrier9c@state.tx.us,Male,222.14.222.243
338,Leontine,Mossdale,lmossdale9d@ning.com,Female,125.66.54.128
339,Lalo,Brookwell,lbrookwell9e@rambler.ru,Male,200.252.23.216
340,Saba,Pincott,spincott9f@typepad.com,Female,63.67.67.96
341,Bennie,Carine,bcarine9g@samsung.com,Female,73.95.9.86
342,Audre,Corington,acorington9h@a8.net,Female,92.194.89.122
343,Wittie,Tenman,wtenman9i@redcross.org,Male,77.114.146.55
344,Pace,Lile,plile9j@paginegialle.it,Male,205.189.118.31
345,Cleveland,Blackburne,cblackburne9k@amazon.de,Male,62.199.82.252
346,Aubrey,Creegan,acreegan9l@google.cn,Female,239.211.189.248
347,Cassandre,Barajaz,cbarajaz9m@hc360.com,Female,157.46.185.13
348,Perry,Valentinuzzi,pvalentinuzzi9n@hatena.ne.jp,Female,89.75.228.84
349,Imogene,Gheorghe,igheorghe9o@scribd.com,Female,94.138.218.117
350,Benedicto,Hodinton,bhodinton9p@infoseek.co.jp,Male,162.240.108.230
351,Nonna,Atyea,natyea9q@harvard.edu,Female,16.140.225.201
352,Alejoa,Calam,acalam9r@netlog.com,Male,202.173.246.58
353,Ganny,Mc Caughan,gmccaughan9s@imageshack.us,Male,194.210.79.89
354,Hadleigh,Rizzardi,hrizzardi9t@squarespace.com,Male,12.53.241.128
355,Delinda,Yarwood,dyarwood9u@discovery.com,Female,65.242.46.143
356,Ashleigh,Fulk,afulk9v@google.ca,Female,170.237.227.181
357,Lynette,Scamerden,lscamerden9w@gravatar.com,Female,139.205.156.164
358,Aveline,Dring,adring9x@blogspot.com,Female,47.23.229.62
359,Karin,MacAloren,kmacaloren9y@google.ru,Female,29.2.214.166
360,Hana,Dallyn,hdallyn9z@trellian.com,Female,217.55.94.42
361,Louis,Peniello,lpenielloa0@plala.or.jp,Male,32.255.142.173
362,Reina,Lloyd,rlloyda1@hatena.ne.jp,Female,34.205.196.5
363,Erl,Karpinski,ekarpinskia2@quantcast.com,Male,177.15.23.22
364,Kevin,Morse,kmorsea3@guardian.co.uk,Male,84.37.90.220
365,Lawton,Jentle,ljentlea4@skyrock.com,Male,239.164.105.13
366,Meara,Reilly,mreillya5@plala.or.jp,Female,52.51.43.195
367,Jules,Camilio,jcamilioa6@bloglovin.com,Male,248.122.155.145
368,Maggi,Pelos,mpelosa7@shutterfly.com,Female,128.181.227.28
369,Dorry,Faichney,dfaichneya8@weibo.com,Female,97.52.89.124
370,Hewitt,Haylett,hhayletta9@japanpost.jp,Male,132.1.129.72
371,Mara,Stoddard,mstoddardaa@blogs.com,Female,253.18.245.48
372,Hedda,French,hfrenchab@imgur.com,Female,180.100.137.210
373,Tucky,Bullus,tbullusac@arstechnica.com,Male,211.174.91.129
374,Ferris,Niccolls,fniccollsad@springer.com,Male,252.109.97.82
375,Wilfrid,Birk,wbirkae@networkadvertising.org,Male,8.145.6.33
376,Hakim,Leveret,hleveretaf@tmall.com,Male,139.133.199.90
377,Ruddy,Le Noire,rlenoireag@chron.com,Male,156.237.147.90
378,Beaufort,Krystek,bkrystekah@technorati.com,Male,206.254.141.146
379,Adela,Gooders,agoodersai@boston.com,Female,213.114.35.79
380,Cassius,Twomey,ctwomeyaj@go.com,Male,4.111.56.23
381,Meara,Gilhool,mgilhoolak@amazon.co.uk,Female,214.224.36.35
382,Anatol,McMurty,amcmurtyal@marketwatch.com,Male,36.138.5.193
383,Sandi,Venes,svenesam@w3.org,Female,153.55.195.184
384,Sergeant,Attiwill,sattiwillan@weebly.com,Male,139.199.233.207
385,Lauree,Drew-Clifton,ldrewcliftonao@yellowbook.com,Female,181.184.40.144
386,Rolf,Moulder,rmoulderap@netvibes.com,Male,249.153.48.52
387,Brett,Buchan,bbuchanaq@goo.ne.jp,Male,207.72.64.42
388,Wilhelmine,Ottey,wotteyar@npr.org,Female,141.247.112.184
389,Rosemarie,Rival,rrivalas@indiegogo.com,Female,66.230.5.39
390,Grethel,Cassam,gcassamat@vk.com,Female,124.218.114.85
391,Tiebold,Cestard,tcestardau@privacy.gov.au,Male,68.152.51.66
392,Thaine,Swigger,tswiggerav@fc2.com,Male,100.80.195.226
393,Matthaeus,Spancock,mspancockaw@yellowpages.com,Male,13.13.196.63
394,Susie,Adams,sadamsax@biglobe.ne.jp,Female,232.106.139.203
395,Scotti,Fraczek,sfraczekay@opera.com,Male,66.53.152.144
396,Dudley,Soppitt,dsoppittaz@tinypic.com,Male,178.111.48.1
397,Cosimo,McAlinden,cmcalindenb0@seesaa.net,Male,202.116.250.169
398,Wolfie,Eddins,weddinsb1@google.com,Male,212.249.207.73
399,Herbie,Aspland,hasplandb2@jiathis.com,Male,93.114.157.213
400,Phillie,Slyde,pslydeb3@google.ca,Female,215.38.41.93
401,Sanderson,Klima,sklimab4@timesonline.co.uk,Male,134.218.126.38
402,Corbett,Guillford,cguillfordb5@cam.ac.uk,Male,44.214.224.20
403,Kasey,Raybould,kraybouldb6@livejournal.com,Female,21.117.31.143
404,Mahalia,Bernardoni,mbernardonib7@apple.com,Female,216.41.33.143
405,Layton,Shord,lshordb8@redcross.org,Male,120.153.218.8
406,Antonino,Fownes,afownesb9@taobao.com,Male,210.141.6.31
407,Ernst,Reddecliffe,ereddecliffeba@bloglovin.com,Male,63.106.18.118
408,Louisette,Wernham,lwernhambb@icq.com,Female,8.78.4.203
409,Lari,Handsheart,lhandsheartbc@prnewswire.com,Female,36.36.19.61
410,Ame,Wrettum,awrettumbd@marketwatch.com,Female,145.246.195.213
411,Esteban,Perago,eperagobe@ucla.edu,Male,51.14.189.64
412,Nalani,Cagan,ncaganbf@last.fm,Female,10.148.33.202
413,Fancie,Riddich,friddichbg@mit.edu,Female,253.166.233.38
414,Elenore,Soan,esoanbh@ox.ac.uk,Female,73.150.230.77
415,Merrick,Habert,mhabertbi@about.com,Male,238.18.241.93
416,Myrtle,Lanfranconi,mlanfranconibj@quantcast.com,Female,236.155.87.40
417,Tedi,Kindle,tkindlebk@smugmug.com,Female,214.122.7.249
418,Myrtle,Habbeshaw,mhabbeshawbl@aol.com,Female,204.197.227.186
419,Eimile,Patinkin,epatinkinbm@smugmug.com,Female,187.100.99.31
420,Yorker,Bawcock,ybawcockbn@webeden.co.uk,Male,41.47.148.52
421,Fancie,Pibsworth,fpibsworthbo@miitbeian.gov.cn,Female,7.1.178.208
422,Skipton,Dainty,sdaintybp@webs.com,Male,82.72.89.26
423,Licha,Hedditch,lhedditchbq@smh.com.au,Female,61.155.192.177
424,Allys,Harrington,aharringtonbr@blogs.com,Female,195.1.108.90
425,Monti,Lethebridge,mlethebridgebs@squidoo.com,Male,72.252.85.57
426,Maryl,McGrill,mmcgrillbt@cbsnews.com,Female,43.6.42.15
427,Deena,Geldard,dgeldardbu@tuttocitta.it,Female,248.31.223.225
428,Johnnie,Bruin,jbruinbv@twitter.com,Male,191.229.116.186
429,Baxy,Delamere,bdelamerebw@whitehouse.gov,Male,192.117.217.211
430,Ash,Luety,aluetybx@nps.gov,Male,194.163.129.110
431,Sallie,Otterwell,sotterwellby@mashable.com,Female,147.181.93.51
432,Aurelie,Ferrucci,aferruccibz@google.co.uk,Female,193.181.253.97
433,Kendrick,Cusworth,kcusworthc0@behance.net,Male,124.245.148.99
434,Karol,Meynell,kmeynellc1@marketwatch.com,Female,151.172.233.161
435,Aluin,Bourne,abournec2@soup.io,Male,37.189.242.239
436,Myrah,Swindley,mswindleyc3@mapy.cz,Female,166.107.169.5
437,Andrea,McTerry,amcterryc4@sun.com,Female,125.178.176.88
438,Connie,Borsi,cborsic5@admin.ch,Male,160.88.77.226
439,Clemmy,Di Bartolomeo,cdibartolomeoc6@people.com.cn,Female,125.253.158.59
440,Karl,Caple,kcaplec7@csmonitor.com,Male,140.93.142.126
441,Wilbur,Hanham,whanhamc8@forbes.com,Male,139.227.102.186
442,Salaidh,Jubert,sjubertc9@narod.ru,Female,209.4.182.84
443,Kim,Moscon,kmosconca@virginia.edu,Female,10.222.255.204
444,Coretta,Dorset,cdorsetcb@pcworld.com,Female,130.63.138.82
445,Dunstan,Lehrahan,dlehrahancc@whitehouse.gov,Male,92.59.23.195
446,Zach,Ledward,zledwardcd@dyndns.org,Male,154.28.60.68
447,Octavius,Brownsell,obrownsellce@wordpress.org,Male,215.31.139.236
448,Urbano,Rangeley,urangeleycf@ustream.tv,Male,136.59.83.77
449,Adolf,Kennion,akennioncg@psu.edu,Male,166.32.240.64
450,Thadeus,Tidball,ttidballch@sina.com.cn,Male,40.247.230.247
451,Reilly,Guntrip,rguntripci@tripod.com,Male,125.2.100.242
452,Jennette,Wanka,jwankacj@weibo.com,Female,25.216.76.188
453,Zuzana,Nail,znailck@tripod.com,Female,78.102.128.50
454,Mellicent,Andriveau,mandriveaucl@networksolutions.com,Female,103.168.71.27
455,Kin,De Normanville,kdenormanvillecm@ucsd.edu,Male,79.156.239.174
456,Myrlene,Mont,mmontcn@wordpress.com,Female,164.251.141.137
457,Maighdiln,Campo,mcampoco@51.la,Female,205.205.4.187
458,Dietrich,Mattei,dmatteicp@dailymotion.com,Male,161.37.193.14
459,Norri,Andrey,nandreycq@economist.com,Female,149.181.97.87
460,Bird,Spaxman,bspaxmancr@bigcartel.com,Female,223.204.213.156
461,Christoforo,Hopfer,chopfercs@instagram.com,Male,187.169.47.58
462,Melania,Dollar,mdollarct@washington.edu,Female,122.167.63.142
463,Kellina,Milvarnie,kmilvarniecu@illinois.edu,Female,124.61.82.88
464,Hurley,Shippam,hshippamcv@furl.net,Male,247.233.119.227
465,Owen,Ceccoli,oceccolicw@phpbb.com,Male,227.105.241.42
466,Roger,Izakovitz,rizakovitzcx@free.fr,Male,162.97.180.219
467,Gail,Colegate,gcolegatecy@nsw.gov.au,Female,160.129.124.215
468,Bird,Headford,bheadfordcz@cbsnews.com,Female,235.74.185.19
469,Carolee,Drewett,cdrewettd0@tamu.edu,Female,124.149.49.218
470,Adele,Lurner,alurnerd1@rambler.ru,Female,54.149.105.208
471,Melodie,Oakenfall,moakenfalld2@forbes.com,Female,6.138.189.68
472,Damita,Kynder,dkynderd3@addthis.com,Female,136.101.81.152
473,Kalila,Richmond,krichmondd4@usnews.com,Female,193.47.149.139
474,Paton,Karchewski,pkarchewskid5@howstuffworks.com,Male,97.12.142.170
475,Arron,Baillie,abaillied6@mapquest.com,Male,35.205.85.223
476,Timmie,Switsur,tswitsurd7@cloudflare.com,Male,81.226.193.192
477,Reider,Derrington,rderringtond8@twitpic.com,Male,217.122.67.209
478,Cory,Howerd,chowerdd9@fema.gov,Male,155.73.90.95
479,Ebonee,Wanjek,ewanjekda@vinaora.com,Female,60.237.21.242
480,Myrtle,Walster,mwalsterdb@tamu.edu,Female,175.184.107.9
481,Obed,Nutbeam,onutbeamdc@vk.com,Male,39.101.117.107
482,Trey,Ledur,tledurdd@jimdo.com,Male,143.210.203.58
483,Bonnee,Creane,bcreanede@tiny.cc,Female,188.190.190.219
484,Mandi,Lutton,mluttondf@domainmarket.com,Female,187.108.72.57
485,Ebba,Reschke,ereschkedg@vkontakte.ru,Female,17.76.25.103
486,Lark,Snozzwell,lsnozzwelldh@fda.gov,Female,4.30.161.201
487,Hilton,Emig,hemigdi@gnu.org,Male,18.138.208.105
488,Elsinore,Dakin,edakindj@flavors.me,Female,236.54.224.81
489,Aleksandr,Jephcott,ajephcottdk@tmall.com,Male,123.110.234.206
490,Chariot,McKaile,cmckailedl@loc.gov,Male,35.130.207.198
491,Petronille,Wareing,pwareingdm@chronoengine.com,Female,206.136.49.193
492,Zachary,Kusick,zkusickdn@hud.gov,Male,44.225.79.165
493,Keefe,Sarginson,ksarginsondo@barnesandnoble.com,Male,190.194.230.229
494,Nefen,Bentick,nbentickdp@stumbleupon.com,Male,239.159.161.159
495,Teresita,Price,tpricedq@bluehost.com,Female,188.187.249.91
496,Flossi,Steiner,fsteinerdr@homestead.com,Female,88.231.147.166
497,Sibelle,Wase,swaseds@xinhuanet.com,Female,138.137.142.106
498,Tony,Sowrey,tsowreydt@stumbleupon.com,Female,106.25.142.4
499,Reena,Agglio,raggliodu@archive.org,Female,214.119.205.65
500,Prissie,Monget,pmongetdv@goo.gl,Female,226.110.228.172
501,Archibold,Nano,ananodw@timesonline.co.uk,Male,227.36.10.167
502,Roshelle,Farran,rfarrandx@tamu.edu,Female,52.86.236.244
503,Meredith,Burhouse,mburhousedy@bbb.org,Male,212.71.169.49
504,Desiree,Mogra,dmogradz@apache.org,Female,23.146.107.59
505,Bond,Luter,blutere0@reference.com,Male,140.86.249.176
506,Kaiser,Spurway,kspurwaye1@shareasale.com,Male,105.200.142.172
507,Millard,Rodenburgh,mrodenburghe2@ebay.com,Male,26.252.42.66
508,Marti,Baine,mbainee3@statcounter.com,Female,240.245.154.17
509,Pansy,Nanni,pnannie4@tripadvisor.com,Female,116.173.222.24
510,Gus,Garbutt,ggarbutte5@elegantthemes.com,Female,89.180.17.177
511,Patience,Hunnam,phunname6@dell.com,Female,79.194.168.170
512,Taffy,De la Perrelle,tdelaperrellee7@apache.org,Female,251.58.44.15
513,Gwenette,Crossan,gcrossane8@theguardian.com,Female,22.118.21.253
514,Jimmie,Offen,joffene9@last.fm,Male,55.145.233.89
515,Bianka,Bootell,bbootellea@baidu.com,Female,202.42.111.130
516,Roscoe,Lindley,rlindleyeb@is.gd,Male,116.104.199.26
517,Lilla,Depke,ldepkeec@php.net,Female,230.151.73.159
518,Thibaut,Keggin,tkeggined@wisc.edu,Male,53.100.210.194
519,Leonelle,Radmore,lradmoreee@tinypic.com,Female,122.101.50.71
520,Ingar,Foddy,ifoddyef@hatena.ne.jp,Male,60.5.111.81
521,Brigham,Durward,bdurwardeg@google.de,Male,22.51.32.236
522,Gavin,Geratasch,ggeratascheh@bing.com,Male,30.49.223.144
523,Correy,Bailles,cbaillesei@google.co.jp,Male,237.209.203.239
524,Theo,Keenlyside,tkeenlysideej@moonfruit.com,Male,210.222.239.33
525,Rainer,Petric,rpetricek@meetup.com,Male,145.100.202.104
526,Giles,Essam,gessamel@acquirethisname.com,Male,131.47.84.93
527,Laverne,Bayley,lbayleyem@e-recht24.de,Female,31.57.101.71
528,Powell,Neasam,pneasamen@yahoo.com,Male,20.160.222.67
529,Reid,Musselwhite,rmusselwhiteeo@de.vu,Male,68.235.98.192
530,Alberta,McGown,amcgownep@webs.com,Female,207.140.55.153
531,Tabby,Achromov,tachromoveq@posterous.com,Male,129.167.92.132
532,Carr,Eadmeades,ceadmeadeser@photobucket.com,Male,135.135.99.147
533,Oliver,Latore,olatorees@mapquest.com,Male,225.119.216.38
534,Lu,Benjafield,lbenjafieldet@msn.com,Female,3.114.126.195
535,Tasia,Raistrick,traistrickeu@wsj.com,Female,247.237.84.134
536,Tilly,Washington,twashingtonev@joomla.org,Female,11.114.97.35
537,Silvan,Mannock,smannockew@goodreads.com,Male,152.82.21.63
538,Hamil,Wickes,hwickesex@seattletimes.com,Male,56.142.216.201
539,Riane,Boxall,rboxalley@squidoo.com,Female,31.155.98.227
540,Griz,Tock,gtockez@yahoo.com,Male,120.83.229.209
541,Wallis,Vasenkov,wvasenkovf0@google.cn,Male,48.30.186.211
542,Harp,Cattow,hcattowf1@nymag.com,Male,188.61.37.129
543,Koenraad,Zmitruk,kzmitrukf2@icq.com,Male,215.13.23.209
544,Ambur,Ornells,aornellsf3@ca.gov,Female,133.53.246.55
545,Jackie,Hamments,jhammentsf4@ftc.gov,Female,240.41.62.219
546,Patrizius,Monroe,pmonroef5@tripadvisor.com,Male,36.87.208.25
547,Theodore,Corkitt,tcorkittf6@feedburner.com,Male,121.61.225.207
548,Matti,Lytton,mlyttonf7@nih.gov,Female,4.103.161.123
549,Shaylynn,Spollen,sspollenf8@vimeo.com,Female,107.28.27.134
550,Chalmers,Clemens,cclemensf9@marriott.com,Male,163.14.76.34
551,Rudolfo,Varker,rvarkerfa@toplist.cz,Male,59.198.215.186
552,Blake,Botham,bbothamfb@zimbio.com,Male,214.163.102.178
553,Ruby,Januszewski,rjanuszewskifc@omniture.com,Male,133.89.146.0
554,Web,Titford,wtitfordfd@ucla.edu,Male,170.141.172.18
555,Padriac,Chomicki,pchomickife@tmall.com,Male,230.16.131.36
556,Langsdon,Huntall,lhuntallff@nsw.gov.au,Male,141.102.207.199
557,Nicki,Mowett,nmowettfg@infoseek.co.jp,Female,149.70.179.225
558,Lexine,Rathbone,lrathbonefh@howstuffworks.com,Female,50.71.255.234
559,Nevil,Suckling,nsucklingfi@squarespace.com,Male,244.186.188.38
560,Erskine,Rapinett,erapinettfj@huffingtonpost.com,Male,6.218.171.205
561,Torre,Sheran,tsheranfk@cnbc.com,Male,61.251.197.13
562,Sissie,Dunley,sdunleyfl@studiopress.com,Female,69.200.84.82
563,Dierdre,Simester,dsimesterfm@gov.uk,Female,19.227.171.23
564,Jodi,Moxson,jmoxsonfn@weather.com,Female,141.227.115.93
565,Edgar,MacRedmond,emacredmondfo@goodreads.com,Male,62.93.91.205
566,Tildy,Saward,tsawardfp@wisc.edu,Female,141.135.0.86
567,Eleen,Kitley,ekitleyfq@google.com.hk,Female,196.199.208.208
568,Andris,Jeandeau,ajeandeaufr@disqus.com,Male,57.181.29.87
569,Herculie,Dunstall,hdunstallfs@posterous.com,Male,15.247.164.76
570,Shelley,Prendergrass,sprendergrassft@cpanel.net,Female,5.69.115.46
571,Nikaniki,Coughlin,ncoughlinfu@tamu.edu,Female,30.5.25.226
572,Fritz,Thurstance,fthurstancefv@squarespace.com,Male,187.142.184.71
573,Harri,Hitzke,hhitzkefw@rediff.com,Female,197.210.229.90
574,Frannie,Ickowics,fickowicsfx@nifty.com,Male,171.87.175.162
575,Merrel,Helsdon,mhelsdonfy@freewebs.com,Male,34.120.235.202
576,Esmeralda,Downey,edowneyfz@globo.com,Female,133.70.63.101
577,Sandy,Blaxland,sblaxlandg0@google.co.uk,Male,138.159.161.182
578,Renaud,McTeague,rmcteagueg1@taobao.com,Male,240.229.228.205
579,Reiko,Tewes,rtewesg2@weather.com,Female,84.74.249.160
580,Matthieu,Edgler,medglerg3@wikia.com,Male,120.14.197.224
581,Vale,Boustead,vbousteadg4@over-blog.com,Male,245.190.189.224
582,Eda,Isaacson,eisaacsong5@sbwire.com,Female,140.216.192.238
583,Jazmin,Jacklings,jjacklingsg6@hexun.com,Female,137.215.250.3
584,Ainslee,Ovanesian,aovanesiang7@wikimedia.org,Female,16.196.151.191
585,Arabelle,Terry,aterryg8@ovh.net,Female,140.117.214.230
586,Kira,Irwin,kirwing9@smugmug.com,Female,146.162.26.50
587,Nickolas,Mueller,nmuellerga@salon.com,Male,102.72.224.206
588,Saloma,Maguire,smaguiregb@craigslist.org,Female,111.180.21.193
589,Fonz,Edelston,fedelstongc@cisco.com,Male,240.87.122.153
590,Jennine,Kauscher,jkauschergd@yellowbook.com,Female,65.119.190.52
591,Cross,Ludl,cludlge@oakley.com,Male,85.116.168.117
592,Lynett,Hymers,lhymersgf@spotify.com,Female,29.40.50.33
593,Roseanna,Atlay,ratlaygg@purevolume.com,Female,33.31.145.20
594,Staffard,Walmsley,swalmsleygh@techcrunch.com,Male,64.171.101.59
595,Mandel,Brute,mbrutegi@pagesperso-orange.fr,Male,230.246.108.43
596,Moria,Alelsandrovich,malelsandrovichgj@ucsd.edu,Female,95.74.45.237
597,Hobie,Haine,hhainegk@squarespace.com,Male,58.68.177.197
598,Barnard,Scamel,bscamelgl@ask.com,Male,173.201.230.213
599,Parke,Veltman,pveltmangm@buzzfeed.com,Male,152.163.242.124
600,Harwell,Vedishchev,hvedishchevgn@opera.com,Male,126.96.193.207
601,Denys,Flight,dflightgo@nationalgeographic.com,Male,237.39.192.156
602,Franny,Ackerley,fackerleygp@patch.com,Female,195.69.141.97
603,Cassey,Cortez,ccortezgq@harvard.edu,Female,8.64.114.196
604,Demetris,Evershed,devershedgr@bloglines.com,Male,13.58.19.17
605,Nixie,Twiddy,ntwiddygs@quantcast.com,Female,116.231.100.111
606,Den,Dadley,ddadleygt@paginegialle.it,Male,227.223.153.52
607,Joella,Drissell,jdrissellgu@senate.gov,Female,219.32.87.242
608,Salomone,Coey,scoeygv@columbia.edu,Male,163.78.99.157
609,Clay,Adrienne,cadriennegw@amazon.de,Male,205.85.194.54
610,Reggy,Mordey,rmordeygx@sitemeter.com,Male,192.154.184.225
611,Violante,Thebe,vthebegy@vkontakte.ru,Female,149.113.241.18
612,Tova,Millett,tmillettgz@archive.org,Female,37.207.138.87
613,Ches,O'Heyne,coheyneh0@domainmarket.com,Male,109.170.22.181
614,Clemmie,Trowsdall,ctrowsdallh1@infoseek.co.jp,Male,16.139.184.108
615,Masha,Emanuelli,memanuellih2@rediff.com,Female,237.194.32.62
616,Alphard,Bartlomieczak,abartlomieczakh3@cnet.com,Male,122.125.15.173
617,Emalee,Sach,esachh4@ustream.tv,Female,12.124.47.5
618,Chadd,Gammill,cgammillh5@google.com.au,Male,107.143.121.49
619,Kristofor,Emsley,kemsleyh6@bloglines.com,Male,211.175.85.136
620,Cyndia,Hatliff,chatliffh7@dropbox.com,Female,7.49.236.178
621,Ludwig,Lovejoy,llovejoyh8@oakley.com,Male,203.201.135.25
622,Frank,Peetermann,fpeetermannh9@ftc.gov,Female,154.124.83.82
623,Dyna,Duffitt,dduffittha@prweb.com,Female,96.7.193.105
624,Edwin,Brunnstein,ebrunnsteinhb@technorati.com,Male,128.53.36.234
625,Alayne,Anelay,aanelayhc@nifty.com,Female,245.120.124.10
626,Leigh,Tilne,ltilnehd@usa.gov,Male,33.196.73.77
627,Steward,Mertgen,smertgenhe@webmd.com,Male,153.108.14.171
628,Abbie,Stygall,astygallhf@sina.com.cn,Female,246.24.59.84
629,Donavon,O' Borne,dobornehg@pcworld.com,Male,146.116.170.211
630,Merrick,Newart,mnewarthh@oracle.com,Male,1.219.136.171
631,Laurette,Hackwell,lhackwellhi@studiopress.com,Female,168.53.82.175
632,Griff,Tieman,gtiemanhj@businesswire.com,Male,128.243.3.57
633,Cullen,Berardt,cberardthk@imageshack.us,Male,105.97.194.119
634,Flo,Diamond,fdiamondhl@uiuc.edu,Female,74.210.23.207
635,Esme,Efford,eeffordhm@wordpress.org,Female,222.78.189.30
636,Marlin,Beacham,mbeachamhn@msu.edu,Male,243.212.207.81
637,Trip,Goldhill,tgoldhillho@intel.com,Male,123.233.171.189
638,Monte,Wicher,mwicherhp@pagesperso-orange.fr,Male,14.37.188.184
639,Brendon,Siemens,bsiemenshq@eventbrite.com,Male,225.105.34.100
640,Geralda,McQuillan,gmcquillanhr@webs.com,Female,182.87.100.101
641,Lizzie,Bowden,lbowdenhs@homestead.com,Female,237.1.109.216
642,Anselm,Charkham,acharkhamht@dell.com,Male,228.247.41.176
643,Nadean,Everly,neverlyhu@goo.ne.jp,Female,180.10.88.56
644,Trudie,Williamson,twilliamsonhv@domainmarket.com,Female,120.89.75.117
645,Vanessa,Capehorn,vcapehornhw@berkeley.edu,Female,151.36.181.220
646,Ashby,Philliskirk,aphilliskirkhx@whitehouse.gov,Male,210.189.242.101
647,Griffin,Bather,gbatherhy@mtv.com,Male,81.100.245.217
648,Lefty,Powelee,lpoweleehz@comcast.net,Male,143.40.159.237
649,Jefferey,Krysztofiak,jkrysztofiaki0@xrea.com,Male,49.72.205.220
650,Frederique,Peres,fperesi1@storify.com,Female,99.209.53.220
651,Corny,Lanahan,clanahani2@ted.com,Female,169.26.31.24
652,Fitzgerald,Simpkiss,fsimpkissi3@technorati.com,Male,9.117.130.108
653,Desmund,Cadwallader,dcadwalladeri4@usnews.com,Male,196.34.185.140
654,Darcy,Mabson,dmabsoni5@cam.ac.uk,Male,79.183.113.118
655,Welsh,Packman,wpackmani6@example.com,Male,20.37.35.225
656,Julissa,Carleman,jcarlemani7@live.com,Female,110.78.179.186
657,Bear,Garton,bgartoni8@house.gov,Male,232.236.5.247
658,Dolf,Olenichev,dolenichevi9@pcworld.com,Male,172.146.47.207
659,Matti,Mattiessen,mmattiessenia@goo.gl,Female,78.162.36.160
660,Garik,Runnett,grunnettib@comsenz.com,Male,130.163.233.205
661,Kylie,Davsley,kdavsleyic@hc360.com,Female,121.234.91.36
662,Rikki,Eckh,reckhid@walmart.com,Male,217.19.248.40
663,Brinna,Rays,braysie@columbia.edu,Female,151.89.20.190
664,Rebeca,Minette,rminetteif@1und1.de,Female,144.124.221.96
665,Wallache,Peschka,wpeschkaig@cbslocal.com,Male,219.46.12.75
666,Evangeline,Bagnold,ebagnoldih@wix.com,Female,52.102.240.110
667,Noble,Tapping,ntappingii@dagondesign.com,Male,248.148.106.29
668,Henrik,Abbyss,habbyssij@issuu.com,Male,21.154.157.58
669,Carole,Murname,cmurnameik@goodreads.com,Female,69.246.64.56
670,Lynelle,Hawkridge,lhawkridgeil@tuttocitta.it,Female,230.94.16.130
671,Luciana,Doulden,ldouldenim@foxnews.com,Female,214.236.96.71
672,Dierdre,Hutley,dhutleyin@blogtalkradio.com,Female,179.14.180.44
673,Keeley,Drance,kdranceio@altervista.org,Female,43.112.231.10
674,Enid,Hingeley,ehingeleyip@e-recht24.de,Female,166.40.50.99
675,Benoite,Dupoy,bdupoyiq@washingtonpost.com,Female,231.162.209.109
676,Laura,Navan,lnavanir@drupal.org,Female,125.213.234.190
677,Aubert,Stibbs,astibbsis@hhs.gov,Male,115.112.129.17
678,Arney,Tims,atimsit@ycombinator.com,Male,26.85.126.7
679,Mariele,Sexstone,msexstoneiu@utexas.edu,Female,251.133.192.35
680,Fields,Noods,fnoodsiv@vistaprint.com,Male,23.162.160.215
681,Sharla,Caccavale,scaccavaleiw@pbs.org,Female,218.254.61.163
682,Loella,Hadley,lhadleyix@nydailynews.com,Female,236.186.62.126
683,Nicol,Rembrant,nrembrantiy@washington.edu,Female,105.166.250.32
684,Antoinette,Ambrosoni,aambrosoniiz@miibeian.gov.cn,Female,30.94.146.39
685,Doyle,Goracci,dgoraccij0@wiley.com,Male,123.66.84.107
686,Adelind,Muddicliffe,amuddicliffej1@globo.com,Female,253.203.220.122
687,Jillian,Hotton,jhottonj2@umn.edu,Female,70.118.71.230
688,Che,Scard,cscardj3@arstechnica.com,Male,45.78.48.210
689,Alric,de Zamora,adezamoraj4@4shared.com,Male,189.222.49.235
690,Zane,Portwaine,zportwainej5@youtu.be,Male,203.13.176.123
691,Xever,Wane,xwanej6@answers.com,Male,35.245.59.124
692,Kyla,Slateford,kslatefordj7@sphinn.com,Female,196.103.125.191
693,Shannen,Izzett,sizzettj8@google.it,Female,53.199.21.92
694,Stafford,Melbury,smelburyj9@gov.uk,Male,58.199.199.247
695,Fergus,Fayerbrother,ffayerbrotherja@sogou.com,Male,215.240.112.54
696,Carlen,Siward,csiwardjb@redcross.org,Female,175.242.209.12
697,Killie,Broxton,kbroxtonjc@columbia.edu,Male,100.198.139.112
698,Carmella,Scoffham,cscoffhamjd@wikimedia.org,Female,207.145.78.59
699,Kristine,Jurczak,kjurczakje@e-recht24.de,Female,133.38.249.236
700,Beverley,Grassot,bgrassotjf@time.com,Female,248.8.139.226
701,Mateo,Duligal,mduligaljg@utexas.edu,Male,40.133.131.17
702,Flory,Lankester,flankesterjh@slate.com,Male,199.126.216.165
703,Vanna,Kenwood,vkenwoodji@issuu.com,Female,238.135.165.245
704,Delcina,Churn,dchurnjj@ustream.tv,Female,136.148.125.233
705,Reeva,Paullin,rpaullinjk@loc.gov,Female,244.101.110.68
706,Ranique,McGlade,rmcgladejl@senate.gov,Female,41.94.72.238
707,Christan,Richin,crichinjm@canalblog.com,Female,78.7.248.146
708,Nadine,Latchmore,nlatchmorejn@google.it,Female,73.188.116.59
709,Garald,Hamsley,ghamsleyjo@aol.com,Male,235.191.150.243
710,Jae,Fenton,jfentonjp@nytimes.com,Male,156.197.194.59
711,Sansone,Edmonds,sedmondsjq@usda.gov,Male,255.80.234.211
712,Kristina,Haddon,khaddonjr@cbslocal.com,Female,63.132.73.189
713,Read,Sherwill,rsherwilljs@twitter.com,Male,168.115.157.35
714,Bertie,Redshaw,bredshawjt@msu.edu,Female,227.84.104.126
715,Duff,Merry,dmerryju@weebly.com,Male,64.169.125.239
716,Halsy,Foldes,hfoldesjv@nih.gov,Male,41.97.22.160
717,Ashlin,Slyme,aslymejw@google.com.br,Male,49.50.142.216
718,Dun,Fetherstan,dfetherstanjx@ning.com,Male,25.151.254.134
719,Kesley,Pietesch,kpieteschjy@hibu.com,Female,5.228.122.213
720,Caro,Nattriss,cnattrissjz@github.io,Female,85.129.53.46
721,Magnum,Waddams,mwaddamsk0@amazon.co.jp,Male,165.6.78.170
722,Gustave,Ogers,gogersk1@wikispaces.com,Male,84.213.111.231
723,Fons,Beteriss,fbeterissk2@sphinn.com,Male,103.148.172.210
724,Estrella,Braham,ebrahamk3@123-reg.co.uk,Female,244.232.190.182
725,Roberto,Elles,rellesk4@cafepress.com,Male,73.167.73.130
726,Yurik,McCartan,ymccartank5@oakley.com,Male,38.179.248.41
727,Briney,Deneve,bdenevek6@oaic.gov.au,Female,64.121.111.20
728,Kennith,Buscombe,kbuscombek7@imgur.com,Male,110.70.174.90
729,Darci,Dowtry,ddowtryk8@chronoengine.com,Female,55.108.136.168
730,Xylina,Pellissier,xpellissierk9@amazon.co.jp,Female,175.118.55.92
731,Berny,Roblett,broblettka@fda.gov,Female,88.205.7.28
732,Rodge,Lamshead,rlamsheadkb@tiny.cc,Male,127.172.199.213
733,Gunner,Gai,ggaikc@chicagotribune.com,Male,154.22.221.195
734,Logan,Bene,lbenekd@slashdot.org,Male,149.212.221.58
735,Elias,Coopland,ecooplandke@census.gov,Male,83.151.89.185
736,Geoffry,Beagles,gbeagleskf@tumblr.com,Male,43.148.244.189
737,Natassia,Gianasi,ngianasikg@bizjournals.com,Female,76.198.114.0
738,Theodosia,Crawshaw,tcrawshawkh@vimeo.com,Female,9.38.104.107
739,Lucia,Croll,lcrollki@sakura.ne.jp,Female,124.59.102.254
740,Clyde,Alcorn,calcornkj@samsung.com,Male,222.75.109.44
741,Jen,Tremethack,jtremethackkk@creativecommons.org,Female,149.26.67.209
742,Ilysa,Wagstaffe,iwagstaffekl@e-recht24.de,Female,196.162.227.72
743,Kingston,Haskell,khaskellkm@vk.com,Male,222.136.55.147
744,Lindy,Fedoronko,lfedoronkokn@live.com,Female,221.195.195.3
745,Margret,Shakesby,mshakesbyko@ocn.ne.jp,Female,252.228.103.179
746,Bradly,O'Hoolahan,bohoolahankp@weebly.com,Male,121.232.230.68
747,Poul,Duns,pdunskq@paypal.com,Male,64.114.225.125
748,Tulley,Langstrath,tlangstrathkr@ask.com,Male,119.42.134.82
749,Noell,Ghio,nghioks@g.co,Female,188.66.15.59
750,Desdemona,Bengle,dbenglekt@123-reg.co.uk,Female,17.123.160.73
751,Preston,Splaven,psplavenku@webeden.co.uk,Male,253.98.201.50
752,Isabelle,Menpes,imenpeskv@nymag.com,Female,202.207.12.56
753,Kala,Whapple,kwhapplekw@yandex.ru,Female,154.246.105.3
754,Prudy,Bridie,pbridiekx@behance.net,Female,235.23.200.193
755,Vergil,Gebbe,vgebbeky@va.gov,Male,35.169.117.191
756,Vasilis,Rolfi,vrolfikz@artisteer.com,Male,251.61.0.46
757,Allister,Chatterton,achattertonl0@purevolume.com,Male,39.153.255.8
758,Coriss,Delmage,cdelmagel1@zdnet.com,Female,25.197.243.87
759,Natty,Alwell,nalwelll2@jugem.jp,Male,146.212.58.171
760,Sidney,O'Shavlan,soshavlanl3@reuters.com,Male,241.158.61.12
761,Barty,Queyeiro,bqueyeirol4@mozilla.com,Male,57.84.58.63
762,Bridgette,Langthorn,blangthornl5@networksolutions.com,Female,108.78.2.152
763,Elton,McCarrison,emccarrisonl6@deliciousdays.com,Male,195.117.152.146
764,Ashely,Colaton,acolatonl7@auda.org.au,Female,203.145.6.77
765,Nessi,Pilgrim,npilgriml8@bigcartel.com,Female,117.37.93.141
766,Worthy,Shrawley,wshrawleyl9@ucoz.com,Male,54.234.64.157
767,Ber,Bickford,bbickfordla@fotki.com,Male,186.0.71.40
768,Ebony,Sagg,esagglb@sbwire.com,Female,53.85.1.160
769,Jamill,Farens,jfarenslc@slate.com,Male,139.77.190.231
770,Cornie,Poland,cpolandld@cocolog-nifty.com,Male,79.116.28.177
771,Ferrell,Angood,fangoodle@vkontakte.ru,Male,214.98.249.130
772,Ryan,Willshaw,rwillshawlf@reuters.com,Male,26.11.158.145
773,Jerrome,Fierro,jfierrolg@abc.net.au,Male,22.170.237.224
774,Kip,Sleany,ksleanylh@icq.com,Male,215.176.83.166
775,Georgine,Hadcroft,ghadcroftli@quantcast.com,Female,65.35.133.143
776,Bartram,McQuilliam,bmcquilliamlj@bbc.co.uk,Male,19.65.21.191
777,Levin,Sommerland,lsommerlandlk@stumbleupon.com,Male,162.162.51.6
778,Kerby,Plowman,kplowmanll@plala.or.jp,Male,16.44.150.244
779,Hayley,Bahlmann,hbahlmannlm@vkontakte.ru,Female,215.65.68.37
780,Dosi,Tamblingson,dtamblingsonln@wired.com,Female,190.238.149.214
781,Gamaliel,Erskin,gerskinlo@washington.edu,Male,89.1.25.208
782,Demetre,Calfe,dcalfelp@deliciousdays.com,Male,136.100.97.139
783,Wallie,Follet,wfolletlq@harvard.edu,Female,155.159.30.195
784,Addy,Wathey,awatheylr@bbb.org,Male,240.34.96.168
785,Esme,Dimitru,edimitruls@slashdot.org,Male,98.82.106.159
786,Valli,Leward,vlewardlt@reverbnation.com,Female,230.98.222.48
787,Delbert,Thom,dthomlu@bbc.co.uk,Male,139.20.79.224
788,Sim,Point,spointlv@wisc.edu,Male,170.215.217.14
789,Cedric,Dumke,cdumkelw@amazon.com,Male,247.225.93.240
790,Windy,Lambertson,wlambertsonlx@go.com,Female,82.113.103.86
791,Trixie,Tibb,ttibbly@theatlantic.com,Female,255.234.181.67
792,Katrinka,Endrici,kendricilz@yandex.ru,Female,225.64.255.75
793,Waly,McAline,wmcalinem0@twitpic.com,Female,1.128.239.233
794,Even,Shoreman,eshoremanm1@timesonline.co.uk,Male,142.207.202.254
795,Marita,Bette,mbettem2@google.ca,Female,220.180.181.104
796,Nicholle,Stripp,nstrippm3@weather.com,Female,139.194.253.110
797,Elwyn,Aldiss,ealdissm4@topsy.com,Male,31.116.239.103
798,Dalston,Grayer,dgrayerm5@usa.gov,Male,73.58.91.147
799,Haroun,Ross,hrossm6@senate.gov,Male,5.82.3.104
800,Mahalia,Macklin,mmacklinm7@narod.ru,Female,220.209.241.31
801,Griff,Gillford,ggillfordm8@last.fm,Male,249.147.217.186
802,Demetrius,Syer,dsyerm9@nature.com,Male,221.27.59.213
803,Essy,Delleschi,edelleschima@cbslocal.com,Female,47.25.222.135
804,Catharina,Wakes,cwakesmb@domainmarket.com,Female,87.19.210.225
805,Hamel,Musker,hmuskermc@seesaa.net,Male,5.254.25.99
806,Wilt,Bowlands,wbowlandsmd@aboutads.info,Male,176.169.24.203
807,Nial,Woodrough,nwoodroughme@redcross.org,Male,164.48.132.229
808,Yolanda,Masterman,ymastermanmf@newyorker.com,Female,149.34.74.38
809,Hamlin,Killeley,hkilleleymg@example.com,Male,213.97.157.20
810,Juliette,Howieson,jhowiesonmh@people.com.cn,Female,152.25.97.254
811,Merrill,Dudenie,mdudeniemi@multiply.com,Female,58.17.166.243
812,Mervin,Kobieriecki,mkobierieckimj@spotify.com,Male,129.235.230.255
813,Ellery,Nutbean,enutbeanmk@pcworld.com,Male,166.121.128.7
814,Daffie,Falkner,dfalknerml@tmall.com,Female,87.151.139.223
815,Sybil,Cromett,scromettmm@kickstarter.com,Female,232.149.243.250
816,Donnie,Ludlow,dludlowmn@businessweek.com,Female,188.121.5.63
817,Huntley,Comley,hcomleymo@clickbank.net,Male,103.60.223.239
818,Shawn,Mayte,smaytemp@w3.org,Male,5.40.39.116
819,Munroe,Sellek,msellekmq@github.com,Male,210.3.237.235
820,Bartholomew,Iannitti,biannittimr@salon.com,Male,219.55.120.40
821,Marlyn,Rex,mrexms@washington.edu,Female,217.67.183.56
822,Lane,Milmoe,lmilmoemt@army.mil,Female,212.70.168.176
823,Lula,Borham,lborhammu@wikia.com,Female,3.103.152.145
824,Dayle,Gillatt,dgillattmv@fc2.com,Female,168.101.135.61
825,Annelise,Westoff,awestoffmw@odnoklassniki.ru,Female,152.47.34.203
826,Leela,Draijer,ldraijermx@deliciousdays.com,Female,88.196.45.184
827,Fiorenze,Shulver,fshulvermy@example.com,Female,252.133.222.168
828,Tann,Biddleston,tbiddlestonmz@freewebs.com,Male,166.156.211.39
829,Vivyan,Esel,veseln0@liveinternet.ru,Female,125.229.90.66
830,Sorcha,Van Dijk,svandijkn1@vkontakte.ru,Female,181.171.208.161
831,Audry,Cleve,acleven2@si.edu,Female,93.129.40.194
832,Neille,Dodswell,ndodswelln3@blogspot.com,Female,130.254.85.173
833,Krista,Horsburgh,khorsburghn4@lycos.com,Female,156.175.221.245
834,Essie,Peskett,epeskettn5@mashable.com,Female,230.104.215.145
835,Creight,Bofield,cbofieldn6@un.org,Male,220.113.134.78
836,Hewett,Romaynes,hromaynesn7@barnesandnoble.com,Male,109.80.201.24
837,Osbourne,Di Nisco,odiniscon8@cornell.edu,Male,63.2.160.13
838,Jannel,Ribeiro,jribeiron9@sohu.com,Female,84.101.112.25
839,Ralf,Boneham,rbonehamna@gravatar.com,Male,60.122.45.240
840,Leanor,Lighton,llightonnb@skyrock.com,Female,38.100.49.29
841,Arlen,Greenacre,agreenacrenc@alibaba.com,Male,51.144.97.180
842,Maison,Manser,mmansernd@surveymonkey.com,Male,4.165.74.46
843,Hilliard,Kubanek,hkubanekne@google.de,Male,87.82.55.166
844,Naoma,Recher,nrechernf@imdb.com,Female,47.146.46.213
845,Kyle,Merrien,kmerrienng@w3.org,Female,115.123.135.38
846,Hedvige,Tesyro,htesyronh@devhub.com,Female,252.200.239.204
847,Lodovico,Sturridge,lsturridgeni@businessweek.com,Male,213.211.92.214
848,Garrek,Cowpland,gcowplandnj@addthis.com,Male,35.163.152.209
849,Kilian,Assante,kassantenk@cloudflare.com,Male,31.106.247.220
850,Karly,Emney,kemneynl@whitehouse.gov,Female,84.24.39.125
851,Rebekah,Pennicott,rpennicottnm@dell.com,Female,17.36.208.214
852,Donny,Dosedale,ddosedalenn@reference.com,Male,139.98.7.122
853,Hope,Rolland,hrollandno@imgur.com,Female,92.206.199.144
854,Rodge,Emmott,remmottnp@baidu.com,Male,116.190.77.82
855,Abagael,Tooze,atoozenq@ehow.com,Female,113.169.45.212
856,Leigh,Walkley,lwalkleynr@fda.gov,Female,108.177.158.23
857,Wylie,Abramovic,wabramovicns@dyndns.org,Male,42.85.53.245
858,Englebert,Janku,ejankunt@sakura.ne.jp,Male,105.63.4.203
859,Sherm,Summerfield,ssummerfieldnu@opensource.org,Male,66.133.79.138
860,Julie,Housegoe,jhousegoenv@time.com,Female,226.145.207.59
861,Xylina,Carletto,xcarlettonw@hibu.com,Female,235.241.37.246
862,Sebastiano,Andreaccio,sandreaccionx@nyu.edu,Male,85.144.62.57
863,Renado,Oglesbee,roglesbeeny@omniture.com,Male,21.144.172.153
864,Rand,Bulpitt,rbulpittnz@people.com.cn,Male,27.162.249.243
865,Talbert,Menham,tmenhamo0@europa.eu,Male,114.57.25.109
866,Merralee,Kershow,mkershowo1@wikia.com,Female,149.67.209.212
867,Kinny,Arnson,karnsono2@ucoz.com,Male,122.49.207.77
868,Nataline,Carlett,ncarletto3@imdb.com,Female,178.84.25.232
869,Rodolfo,Olcot,rolcoto4@flickr.com,Male,17.228.72.47
870,Vassily,Caldeiro,vcaldeiroo5@cam.ac.uk,Male,220.53.61.141
871,Sly,Tiron,stirono6@webmd.com,Male,88.98.94.232
872,Hector,Richemont,hrichemonto7@wisc.edu,Male,49.220.141.106
873,Shep,Sigfrid,ssigfrido8@ask.com,Male,130.195.169.49
874,Ephrem,McVaugh,emcvaugho9@domainmarket.com,Male,8.240.219.72
875,Sumner,Passe,spasseoa@wikipedia.org,Male,161.24.238.122
876,Andrea,Linguard,alinguardob@spiegel.de,Female,44.55.139.87
877,Stearne,Nozzolii,snozzoliioc@skyrock.com,Male,248.100.132.75
878,Filberto,Hallagan,fhallaganod@theguardian.com,Male,20.200.254.233
879,Felic,Renney,frenneyoe@flavors.me,Male,227.71.1.5
880,Mureil,Cashell,mcashellof@51.la,Female,238.26.158.19
881,Franklyn,Vaan,fvaanog@microsoft.com,Male,103.125.56.93
882,Tish,Spyer,tspyeroh@tamu.edu,Female,145.63.71.253
883,Nadeen,Duddle,nduddleoi@ucoz.ru,Female,211.248.167.124
884,Kristy,Loveland,klovelandoj@cpanel.net,Female,45.149.225.189
885,Vitoria,Tolle,vtolleok@ft.com,Female,198.30.210.253
886,Sinclair,Bavester,sbavesterol@issuu.com,Male,115.203.143.234
887,Lacy,Lothean,llotheanom@miibeian.gov.cn,Female,241.115.150.146
888,Dane,Laweles,dlaweleson@whitehouse.gov,Male,240.170.19.34
889,Arnaldo,Klee,akleeoo@wikimedia.org,Male,255.118.160.228
890,Ruttger,Barts,rbartsop@mlb.com,Male,189.28.169.228
891,Westleigh,Hanselmann,whanselmannoq@cloudflare.com,Male,19.88.93.35
892,Liane,Inge,lingeor@dion.ne.jp,Female,199.150.42.36
893,Barrie,Shalloo,bshallooos@hao123.com,Male,213.183.58.255
894,Demetre,Luca,dlucaot@dmoz.org,Male,1.36.19.236
895,Ernaline,Augar,eaugarou@soup.io,Female,231.26.209.201
896,Nina,Keningley,nkeningleyov@salon.com,Female,237.227.154.139
897,Sophie,Shambrooke,sshambrookeow@timesonline.co.uk,Female,249.24.20.44
898,Luce,Oggers,loggersox@macromedia.com,Male,151.48.255.37
899,Leyla,Wedderburn,lwedderburnoy@berkeley.edu,Female,24.238.109.90
900,Leland,Pallaske,lpallaskeoz@msu.edu,Male,189.164.94.142
901,Dewain,Casino,dcasinop0@phoca.cz,Male,30.133.80.197
902,Hazel,Ponte,hpontep1@ox.ac.uk,Male,18.61.229.230
903,Tiebout,Hughlock,thughlockp2@cpanel.net,Male,152.172.204.91
904,Marne,O'Sheerin,mosheerinp3@berkeley.edu,Female,28.215.74.160
905,Oran,Matovic,omatovicp4@yandex.ru,Male,113.142.210.69
906,Collie,Raubenheimer,craubenheimerp5@de.vu,Female,226.80.0.87
907,Jedidiah,Capell,jcapellp6@hao123.com,Male,41.139.154.117
908,Jerri,Kingstne,jkingstnep7@sina.com.cn,Male,195.100.142.94
909,Bartholomeo,Vanyashin,bvanyashinp8@epa.gov,Male,46.2.59.197
910,Shepard,Lube,slubep9@comcast.net,Male,212.127.22.168
911,Jori,Summerlie,jsummerliepa@umn.edu,Female,145.24.28.40
912,Eirena,Malby,emalbypb@deviantart.com,Female,233.69.95.215
913,Kippie,Alenshev,kalenshevpc@usatoday.com,Male,15.100.231.20
914,Christy,Dudley,cdudleypd@phpbb.com,Female,210.240.214.134
915,Ola,Victor,ovictorpe@apple.com,Female,68.120.145.205
916,Camile,Papaccio,cpapacciopf@time.com,Female,182.142.11.5
917,Noach,Lankham,nlankhampg@omniture.com,Male,166.37.5.244
918,Mercy,Clarage,mclarageph@mayoclinic.com,Female,20.90.167.189
919,Ingmar,Rault,iraultpi@ifeng.com,Male,145.38.58.243
920,Rozamond,Emett,remettpj@ebay.co.uk,Female,82.12.212.189
921,Nona,Richmond,nrichmondpk@barnesandnoble.com,Female,86.154.82.130
922,Herbie,Kauscher,hkauscherpl@omniture.com,Male,124.179.43.185
923,Daryl,Suerz,dsuerzpm@weather.com,Male,152.182.219.120
924,Kristofer,Pettecrew,kpettecrewpn@go.com,Male,162.183.8.173
925,Cosimo,Dirand,cdirandpo@xing.com,Male,193.174.114.104
926,Dottie,Coomer,dcoomerpp@fda.gov,Female,201.226.17.221
927,Ad,Barroux,abarrouxpq@angelfire.com,Male,14.7.0.181
928,Corinna,Albrook,calbrookpr@abc.net.au,Female,72.187.167.13
929,Leroy,Clerk,lclerkps@amazon.co.jp,Male,3.15.146.151
930,Douglas,Abdey,dabdeypt@answers.com,Male,71.229.115.198
931,Shaun,Wykey,swykeypu@4shared.com,Male,160.12.241.210
932,Burton,Yurov,byurovpv@desdev.cn,Male,66.179.221.44
933,Bev,Pallatina,bpallatinapw@answers.com,Female,30.33.119.50
934,Sari,Espinoy,sespinoypx@nyu.edu,Female,156.165.201.119
935,Trumaine,Manvell,tmanvellpy@woothemes.com,Male,64.20.22.8
936,Torin,Barrett,tbarrettpz@uiuc.edu,Male,43.1.247.13
937,Vaclav,Seeks,vseeksq0@posterous.com,Male,172.81.133.247
938,Reynolds,Swanton,rswantonq1@prnewswire.com,Male,243.79.157.1
939,Bren,Kelberman,bkelbermanq2@marriott.com,Male,77.163.235.107
940,Ware,Cridlon,wcridlonq3@umn.edu,Male,205.127.47.206
941,Myriam,Pabel,mpabelq4@wordpress.com,Female,218.195.2.67
942,Lonna,Nerheny,lnerhenyq5@pen.io,Female,37.25.122.202
943,Eward,Linne,elinneq6@arizona.edu,Male,92.223.221.193
944,Jillene,Bird,jbirdq7@wired.com,Female,47.78.229.213
945,Ofella,Dafydd,odafyddq8@goo.gl,Female,158.54.172.195
946,Vladimir,Buncombe,vbuncombeq9@edublogs.org,Male,29.103.180.139
947,Kirk,MacArthur,kmacarthurqa@tinyurl.com,Male,137.26.28.61
948,Lief,Wollen,lwollenqb@webs.com,Male,232.65.38.46
949,Giselle,Powling,gpowlingqc@oakley.com,Female,87.143.212.62
950,Sada,Stidson,sstidsonqd@google.com.br,Female,181.203.63.180
951,Gerhardine,Churchward,gchurchwardqe@google.com.au,Female,254.159.94.216
952,Modestia,Dachey,mdacheyqf@theatlantic.com,Female,119.26.43.204
953,Vincents,Swetland,vswetlandqg@tmall.com,Male,255.176.137.45
954,Far,McGaugie,fmcgaugieqh@moonfruit.com,Male,116.94.173.199
955,Jarrett,Mossbee,jmossbeeqi@fotki.com,Male,158.70.134.115
956,Larine,Roycraft,lroycraftqj@washington.edu,Female,108.95.8.36
957,Phillip,Frankton,pfranktonqk@alexa.com,Male,163.237.84.94
958,Cara,Conniam,cconniamql@google.com.br,Female,99.98.176.177
959,Westbrooke,Dane,wdaneqm@amazonaws.com,Male,9.118.209.188
960,Dunn,Macia,dmaciaqn@utexas.edu,Male,4.46.92.61
961,Jennine,Hallede,jhalledeqo@homestead.com,Female,186.254.223.148
962,Neron,Juszczyk,njuszczykqp@hugedomains.com,Male,43.73.225.60
963,Caroline,MacCrann,cmaccrannqq@bloomberg.com,Female,240.225.21.24
964,Quinta,Eacle,qeacleqr@mac.com,Female,146.220.223.167
965,Felita,Capstaff,fcapstaffqs@plala.or.jp,Female,24.73.202.54
966,Shanie,Skitt,sskittqt@unc.edu,Female,114.82.247.254
967,Blondell,Van Velde,bvanveldequ@umich.edu,Female,27.27.180.36
968,Wendel,Vela,wvelaqv@wisc.edu,Male,41.68.126.115
969,Stephani,Bright,sbrightqw@chronoengine.com,Female,73.116.239.69
970,Wittie,Urien,wurienqx@alibaba.com,Male,82.169.63.184
971,Wendel,Ibbotson,wibbotsonqy@gravatar.com,Male,61.125.10.240
972,Fanya,Bleaden,fbleadenqz@blinklist.com,Female,24.83.8.13
973,Mathias,Snyder,msnyderr0@meetup.com,Male,178.130.22.252
974,Cecilla,Jurczyk,cjurczykr1@ted.com,Female,151.100.25.163
975,Bambie,Whisby,bwhisbyr2@unblog.fr,Female,106.188.34.221
976,Irvine,Vasenin,ivaseninr3@zimbio.com,Male,24.80.199.68
977,Claudius,Becraft,cbecraftr4@dailymotion.com,Male,238.50.147.96
978,Millard,Seman,msemanr5@cdbaby.com,Male,216.235.121.148
979,Nerita,Beckwith,nbeckwithr6@hexun.com,Female,242.111.29.34
980,Cobby,Adacot,cadacotr7@yelp.com,Male,167.120.66.58
981,Georgie,Suttill,gsuttillr8@slashdot.org,Male,148.236.25.229
982,Armin,Fazan,afazanr9@economist.com,Male,208.223.208.139
983,Jacquenetta,Hexum,jhexumra@biblegateway.com,Female,88.87.231.104
984,Sheila,Blackborne,sblackbornerb@shutterfly.com,Female,138.4.149.211
985,Otes,Billyeald,obillyealdrc@salon.com,Male,174.153.195.122
986,Florenza,Langstaff,flangstaffrd@dmoz.org,Female,237.205.153.117
987,Laurice,Blanket,lblanketre@t-online.de,Female,147.129.98.155
988,Maureen,Vashchenko,mvashchenkorf@shop-pro.jp,Female,194.153.96.171
989,Travus,Allmond,tallmondrg@yolasite.com,Male,240.227.16.185
990,Eduard,Roads,eroadsrh@desdev.cn,Male,147.183.47.114
991,Kandace,Coltherd,kcoltherdri@mayoclinic.com,Female,75.212.199.147
992,Bobina,Chatt,bchattrj@chron.com,Female,99.171.225.240
993,Izak,Reardon,ireardonrk@theatlantic.com,Male,81.93.157.75
994,Randi,McClaughlin,rmcclaughlinrl@examiner.com,Male,204.244.93.204
995,Godiva,Lusted,glustedrm@prnewswire.com,Female,76.107.136.122
996,Gilbertine,Devenish,gdevenishrn@nasa.gov,Female,76.152.188.223
997,Erinna,Doorbar,edoorbarro@fema.gov,Female,8.208.66.199
998,Thorsten,Blackborn,tblackbornrp@sun.com,Male,114.180.183.14
999,Mattie,Jaskowicz,mjaskowiczrq@nhs.uk,Female,156.132.124.58
1000,Koressa,Huckerby,khuckerbyrr@ask.com,Female,41.89.189.205
